number,taxonomy,species,cool_name
10246,taxTest,speciesTest,coolNameTest
10247,taxTest,speciesTest,coolNameTest
10248,taxTest,speciesTest,coolNameTest
10249,taxTest,speciesTest,coolNameTest
10250,taxTest,speciesTest,coolNameTest
10251,taxTest,speciesTest,coolNameTest
10252,taxTest,speciesTest,coolNameTest
10253,taxTest,speciesTest,coolNameTest
10254,taxTest,speciesTest,coolNameTest
397342,taxTest,speciesTest,coolNameTest
467144,taxTest,speciesTest,coolNameTest
262397,taxTest,speciesTest,coolNameTest
301352,taxTest,speciesTest,coolNameTest
502057,taxTest,speciesTest,coolNameTest
332193,taxTest,speciesTest,coolNameTest
1651169,taxTest,speciesTest,coolNameTest
696871,taxTest,speciesTest,coolNameTest
350831,taxTest,speciesTest,coolNameTest
350832,taxTest,speciesTest,coolNameTest
201444,taxTest,speciesTest,coolNameTest
31531,taxTest,speciesTest,coolNameTest
691321,taxTest,speciesTest,coolNameTest
124313,taxTest,speciesTest,coolNameTest
130665,taxTest,speciesTest,coolNameTest
130666,taxTest,speciesTest,coolNameTest
126794,taxTest,speciesTest,coolNameTest
32605,taxTest,speciesTest,coolNameTest
45417,taxTest,speciesTest,coolNameTest
10245,taxTest,speciesTest,coolNameTest
53258,taxTest,speciesTest,coolNameTest
12870,taxTest,speciesTest,coolNameTest
587200,taxTest,speciesTest,coolNameTest
10255,taxTest,speciesTest,coolNameTest
10256,taxTest,speciesTest,coolNameTest
243803,taxTest,speciesTest,coolNameTest
619591,taxTest,speciesTest,coolNameTest
130669,taxTest,speciesTest,coolNameTest
130670,taxTest,speciesTest,coolNameTest
10244,taxTest,speciesTest,coolNameTest
28871,taxTest,speciesTest,coolNameTest
28874,taxTest,speciesTest,coolNameTest
467146,taxTest,speciesTest,coolNameTest
580060,taxTest,speciesTest,coolNameTest
580061,taxTest,speciesTest,coolNameTest
696873,taxTest,speciesTest,coolNameTest
696874,taxTest,speciesTest,coolNameTest
252468,taxTest,speciesTest,coolNameTest
696915,taxTest,speciesTest,coolNameTest
696916,taxTest,speciesTest,coolNameTest
1631191,taxTest,speciesTest,coolNameTest
1631192,taxTest,speciesTest,coolNameTest
318831,taxTest,speciesTest,coolNameTest
2602439,taxTest,speciesTest,coolNameTest
2035302,taxTest,speciesTest,coolNameTest
1914549,taxTest,speciesTest,coolNameTest
256962,taxTest,speciesTest,coolNameTest
347814,taxTest,speciesTest,coolNameTest
203172,taxTest,speciesTest,coolNameTest
203173,taxTest,speciesTest,coolNameTest
203174,taxTest,speciesTest,coolNameTest
203188,taxTest,speciesTest,coolNameTest
203189,taxTest,speciesTest,coolNameTest
203190,taxTest,speciesTest,coolNameTest
28873,taxTest,speciesTest,coolNameTest
1651168,taxTest,speciesTest,coolNameTest
1452750,taxTest,speciesTest,coolNameTest
2696714,taxTest,speciesTest,coolNameTest
202273,taxTest,speciesTest,coolNameTest
265874,taxTest,speciesTest,coolNameTest
12643,taxTest,speciesTest,coolNameTest
160796,taxTest,speciesTest,coolNameTest
160797,taxTest,speciesTest,coolNameTest
130667,taxTest,speciesTest,coolNameTest
130668,taxTest,speciesTest,coolNameTest
265871,taxTest,speciesTest,coolNameTest
265872,taxTest,speciesTest,coolNameTest
10243,taxTest,speciesTest,coolNameTest
2200830,taxTest,speciesTest,coolNameTest
2478919,taxTest,speciesTest,coolNameTest
10242,taxTest,speciesTest,coolNameTest
987147,taxTest,speciesTest,coolNameTest
987148,taxTest,speciesTest,coolNameTest
987149,taxTest,speciesTest,coolNameTest
987150,taxTest,speciesTest,coolNameTest
10263,taxTest,speciesTest,coolNameTest
928301,taxTest,speciesTest,coolNameTest
10261,taxTest,speciesTest,coolNameTest
10264,taxTest,speciesTest,coolNameTest
692273,taxTest,speciesTest,coolNameTest
692274,taxTest,speciesTest,coolNameTest
2304054,taxTest,speciesTest,coolNameTest
1740857,taxTest,speciesTest,coolNameTest
2019388,taxTest,speciesTest,coolNameTest
2019389,taxTest,speciesTest,coolNameTest
986728,taxTest,speciesTest,coolNameTest
986729,taxTest,speciesTest,coolNameTest
2670734,taxTest,speciesTest,coolNameTest
1259810,taxTest,speciesTest,coolNameTest
2320697,taxTest,speciesTest,coolNameTest
339550,taxTest,speciesTest,coolNameTest
339551,taxTest,speciesTest,coolNameTest
339552,taxTest,speciesTest,coolNameTest
339553,taxTest,speciesTest,coolNameTest
339554,taxTest,speciesTest,coolNameTest
339555,taxTest,speciesTest,coolNameTest
339557,taxTest,speciesTest,coolNameTest
339546,taxTest,speciesTest,coolNameTest
339547,taxTest,speciesTest,coolNameTest
339548,taxTest,speciesTest,coolNameTest
339549,taxTest,speciesTest,coolNameTest
339556,taxTest,speciesTest,coolNameTest
365612,taxTest,speciesTest,coolNameTest
1294096,taxTest,speciesTest,coolNameTest
1294097,taxTest,speciesTest,coolNameTest
1511774,taxTest,speciesTest,coolNameTest
1294102,taxTest,speciesTest,coolNameTest
1294103,taxTest,speciesTest,coolNameTest
1294106,taxTest,speciesTest,coolNameTest
1294110,taxTest,speciesTest,coolNameTest
1004021,taxTest,speciesTest,coolNameTest
1004022,taxTest,speciesTest,coolNameTest
1692171,taxTest,speciesTest,coolNameTest
795157,taxTest,speciesTest,coolNameTest
795158,taxTest,speciesTest,coolNameTest
795159,taxTest,speciesTest,coolNameTest
795160,taxTest,speciesTest,coolNameTest
795161,taxTest,speciesTest,coolNameTest
795162,taxTest,speciesTest,coolNameTest
795163,taxTest,speciesTest,coolNameTest
2744857,taxTest,speciesTest,coolNameTest
795165,taxTest,speciesTest,coolNameTest
795164,taxTest,speciesTest,coolNameTest
795167,taxTest,speciesTest,coolNameTest
795166,taxTest,speciesTest,coolNameTest
795168,taxTest,speciesTest,coolNameTest
1608258,taxTest,speciesTest,coolNameTest
1333866,taxTest,speciesTest,coolNameTest
469620,taxTest,speciesTest,coolNameTest
1047190,taxTest,speciesTest,coolNameTest
1047191,taxTest,speciesTest,coolNameTest
1047192,taxTest,speciesTest,coolNameTest
1047193,taxTest,speciesTest,coolNameTest
1047194,taxTest,speciesTest,coolNameTest
1047195,taxTest,speciesTest,coolNameTest
1047196,taxTest,speciesTest,coolNameTest
1047197,taxTest,speciesTest,coolNameTest
1047198,taxTest,speciesTest,coolNameTest
856735,taxTest,speciesTest,coolNameTest
1047199,taxTest,speciesTest,coolNameTest
1047200,taxTest,speciesTest,coolNameTest
1047201,taxTest,speciesTest,coolNameTest
1047202,taxTest,speciesTest,coolNameTest
1047203,taxTest,speciesTest,coolNameTest
1047204,taxTest,speciesTest,coolNameTest
1047205,taxTest,speciesTest,coolNameTest
1237714,taxTest,speciesTest,coolNameTest
1006326,taxTest,speciesTest,coolNameTest
1006327,taxTest,speciesTest,coolNameTest
1884826,taxTest,speciesTest,coolNameTest
1569592,taxTest,speciesTest,coolNameTest
2734904,taxTest,speciesTest,coolNameTest
2734905,taxTest,speciesTest,coolNameTest
228177,taxTest,speciesTest,coolNameTest
1176578,taxTest,speciesTest,coolNameTest
408592,taxTest,speciesTest,coolNameTest
1133595,taxTest,speciesTest,coolNameTest
365620,taxTest,speciesTest,coolNameTest
365621,taxTest,speciesTest,coolNameTest
1856564,taxTest,speciesTest,coolNameTest
1291378,taxTest,speciesTest,coolNameTest
2059380,taxTest,speciesTest,coolNameTest
1928336,taxTest,speciesTest,coolNameTest
565243,taxTest,speciesTest,coolNameTest
1004778,taxTest,speciesTest,coolNameTest
1496299,taxTest,speciesTest,coolNameTest
1496300,taxTest,speciesTest,coolNameTest
1496301,taxTest,speciesTest,coolNameTest
565244,taxTest,speciesTest,coolNameTest
1465725,taxTest,speciesTest,coolNameTest
2940294,taxTest,speciesTest,coolNameTest
468376,taxTest,speciesTest,coolNameTest
468377,taxTest,speciesTest,coolNameTest
468378,taxTest,speciesTest,coolNameTest
468379,taxTest,speciesTest,coolNameTest
468380,taxTest,speciesTest,coolNameTest
1281441,taxTest,speciesTest,coolNameTest
1281442,taxTest,speciesTest,coolNameTest
1656227,taxTest,speciesTest,coolNameTest
656810,taxTest,speciesTest,coolNameTest
656811,taxTest,speciesTest,coolNameTest
656812,taxTest,speciesTest,coolNameTest
656813,taxTest,speciesTest,coolNameTest
656814,taxTest,speciesTest,coolNameTest
656815,taxTest,speciesTest,coolNameTest
1367515,taxTest,speciesTest,coolNameTest
1367516,taxTest,speciesTest,coolNameTest
1367517,taxTest,speciesTest,coolNameTest
1367518,taxTest,speciesTest,coolNameTest
1367519,taxTest,speciesTest,coolNameTest
1367520,taxTest,speciesTest,coolNameTest
1367521,taxTest,speciesTest,coolNameTest
1367522,taxTest,speciesTest,coolNameTest
1367523,taxTest,speciesTest,coolNameTest
1367524,taxTest,speciesTest,coolNameTest
1367525,taxTest,speciesTest,coolNameTest
1367526,taxTest,speciesTest,coolNameTest
1367527,taxTest,speciesTest,coolNameTest
1756707,taxTest,speciesTest,coolNameTest
986718,taxTest,speciesTest,coolNameTest
986719,taxTest,speciesTest,coolNameTest
986720,taxTest,speciesTest,coolNameTest
986721,taxTest,speciesTest,coolNameTest
986722,taxTest,speciesTest,coolNameTest
986723,taxTest,speciesTest,coolNameTest
986724,taxTest,speciesTest,coolNameTest
986725,taxTest,speciesTest,coolNameTest
986726,taxTest,speciesTest,coolNameTest
986727,taxTest,speciesTest,coolNameTest
405092,taxTest,speciesTest,coolNameTest
704179,taxTest,speciesTest,coolNameTest
880350,taxTest,speciesTest,coolNameTest
1337067,taxTest,speciesTest,coolNameTest
1294089,taxTest,speciesTest,coolNameTest
1294090,taxTest,speciesTest,coolNameTest
1294091,taxTest,speciesTest,coolNameTest
1294092,taxTest,speciesTest,coolNameTest
1294093,taxTest,speciesTest,coolNameTest
1294094,taxTest,speciesTest,coolNameTest
263951,taxTest,speciesTest,coolNameTest
263952,taxTest,speciesTest,coolNameTest
263953,taxTest,speciesTest,coolNameTest
263956,taxTest,speciesTest,coolNameTest
263957,taxTest,speciesTest,coolNameTest
263958,taxTest,speciesTest,coolNameTest
365613,taxTest,speciesTest,coolNameTest
263954,taxTest,speciesTest,coolNameTest
1294095,taxTest,speciesTest,coolNameTest
1294105,taxTest,speciesTest,coolNameTest
263959,taxTest,speciesTest,coolNameTest
1294098,taxTest,speciesTest,coolNameTest
1294099,taxTest,speciesTest,coolNameTest
1294100,taxTest,speciesTest,coolNameTest
1294101,taxTest,speciesTest,coolNameTest
1294111,taxTest,speciesTest,coolNameTest
1294112,taxTest,speciesTest,coolNameTest
1294104,taxTest,speciesTest,coolNameTest
1294114,taxTest,speciesTest,coolNameTest
1294107,taxTest,speciesTest,coolNameTest
1294108,taxTest,speciesTest,coolNameTest
1294109,taxTest,speciesTest,coolNameTest
1294113,taxTest,speciesTest,coolNameTest
1294115,taxTest,speciesTest,coolNameTest
1294116,taxTest,speciesTest,coolNameTest
1294117,taxTest,speciesTest,coolNameTest
1294118,taxTest,speciesTest,coolNameTest
1294119,taxTest,speciesTest,coolNameTest
1294120,taxTest,speciesTest,coolNameTest
569163,taxTest,speciesTest,coolNameTest
569164,taxTest,speciesTest,coolNameTest
2582417,taxTest,speciesTest,coolNameTest
2582418,taxTest,speciesTest,coolNameTest
1234869,taxTest,speciesTest,coolNameTest
462818,taxTest,speciesTest,coolNameTest
227305,taxTest,speciesTest,coolNameTest
336487,taxTest,speciesTest,coolNameTest
503979,taxTest,speciesTest,coolNameTest
987151,taxTest,speciesTest,coolNameTest
1423580,taxTest,speciesTest,coolNameTest
1974596,taxTest,speciesTest,coolNameTest
44088,taxTest,speciesTest,coolNameTest
336486,taxTest,speciesTest,coolNameTest
2169712,taxTest,speciesTest,coolNameTest
400570,taxTest,speciesTest,coolNameTest
648998,taxTest,speciesTest,coolNameTest
10260,taxTest,speciesTest,coolNameTest
10259,taxTest,speciesTest,coolNameTest
647330,taxTest,speciesTest,coolNameTest
262726,taxTest,speciesTest,coolNameTest
240708,taxTest,speciesTest,coolNameTest
240709,taxTest,speciesTest,coolNameTest
167124,taxTest,speciesTest,coolNameTest
167125,taxTest,speciesTest,coolNameTest
167126,taxTest,speciesTest,coolNameTest
167127,taxTest,speciesTest,coolNameTest
167128,taxTest,speciesTest,coolNameTest
75325,taxTest,speciesTest,coolNameTest
73495,taxTest,speciesTest,coolNameTest
182095,taxTest,speciesTest,coolNameTest
10258,taxTest,speciesTest,coolNameTest
1579478,taxTest,speciesTest,coolNameTest
262725,taxTest,speciesTest,coolNameTest
334522,taxTest,speciesTest,coolNameTest
1686431,taxTest,speciesTest,coolNameTest
2231327,taxTest,speciesTest,coolNameTest
665589,taxTest,speciesTest,coolNameTest
334521,taxTest,speciesTest,coolNameTest
129726,taxTest,speciesTest,coolNameTest
129727,taxTest,speciesTest,coolNameTest
319746,taxTest,speciesTest,coolNameTest
319747,taxTest,speciesTest,coolNameTest
299565,taxTest,speciesTest,coolNameTest
347013,taxTest,speciesTest,coolNameTest
358123,taxTest,speciesTest,coolNameTest
358124,taxTest,speciesTest,coolNameTest
358125,taxTest,speciesTest,coolNameTest
358126,taxTest,speciesTest,coolNameTest
358127,taxTest,speciesTest,coolNameTest
187984,taxTest,speciesTest,coolNameTest
1579460,taxTest,speciesTest,coolNameTest
10257,taxTest,speciesTest,coolNameTest
376848,taxTest,speciesTest,coolNameTest
376854,taxTest,speciesTest,coolNameTest
376853,taxTest,speciesTest,coolNameTest
10268,taxTest,speciesTest,coolNameTest
10269,taxTest,speciesTest,coolNameTest
453226,taxTest,speciesTest,coolNameTest
644154,taxTest,speciesTest,coolNameTest
632823,taxTest,speciesTest,coolNameTest
198238,taxTest,speciesTest,coolNameTest
632804,taxTest,speciesTest,coolNameTest
632805,taxTest,speciesTest,coolNameTest
632806,taxTest,speciesTest,coolNameTest
632807,taxTest,speciesTest,coolNameTest
632808,taxTest,speciesTest,coolNameTest
632809,taxTest,speciesTest,coolNameTest
632810,taxTest,speciesTest,coolNameTest
632811,taxTest,speciesTest,coolNameTest
632812,taxTest,speciesTest,coolNameTest
632813,taxTest,speciesTest,coolNameTest
632814,taxTest,speciesTest,coolNameTest
632815,taxTest,speciesTest,coolNameTest
632816,taxTest,speciesTest,coolNameTest
632817,taxTest,speciesTest,coolNameTest
632818,taxTest,speciesTest,coolNameTest
632819,taxTest,speciesTest,coolNameTest
632824,taxTest,speciesTest,coolNameTest
632820,taxTest,speciesTest,coolNameTest
632821,taxTest,speciesTest,coolNameTest
632822,taxTest,speciesTest,coolNameTest
1158713,taxTest,speciesTest,coolNameTest
654928,taxTest,speciesTest,coolNameTest
10266,taxTest,speciesTest,coolNameTest
376850,taxTest,speciesTest,coolNameTest
760198,taxTest,speciesTest,coolNameTest
492738,taxTest,speciesTest,coolNameTest
376849,taxTest,speciesTest,coolNameTest
632790,taxTest,speciesTest,coolNameTest
632792,taxTest,speciesTest,coolNameTest
632793,taxTest,speciesTest,coolNameTest
632794,taxTest,speciesTest,coolNameTest
632795,taxTest,speciesTest,coolNameTest
632796,taxTest,speciesTest,coolNameTest
632797,taxTest,speciesTest,coolNameTest
632798,taxTest,speciesTest,coolNameTest
632799,taxTest,speciesTest,coolNameTest
632800,taxTest,speciesTest,coolNameTest
632801,taxTest,speciesTest,coolNameTest
632803,taxTest,speciesTest,coolNameTest
632802,taxTest,speciesTest,coolNameTest
59509,taxTest,speciesTest,coolNameTest
760197,taxTest,speciesTest,coolNameTest
1416740,taxTest,speciesTest,coolNameTest
376851,taxTest,speciesTest,coolNameTest
376852,taxTest,speciesTest,coolNameTest
239356,taxTest,speciesTest,coolNameTest
239357,taxTest,speciesTest,coolNameTest
239358,taxTest,speciesTest,coolNameTest
632777,taxTest,speciesTest,coolNameTest
632778,taxTest,speciesTest,coolNameTest
632779,taxTest,speciesTest,coolNameTest
632780,taxTest,speciesTest,coolNameTest
632781,taxTest,speciesTest,coolNameTest
632782,taxTest,speciesTest,coolNameTest
632783,taxTest,speciesTest,coolNameTest
632784,taxTest,speciesTest,coolNameTest
632785,taxTest,speciesTest,coolNameTest
632786,taxTest,speciesTest,coolNameTest
632787,taxTest,speciesTest,coolNameTest
632788,taxTest,speciesTest,coolNameTest
632789,taxTest,speciesTest,coolNameTest
186805,taxTest,speciesTest,coolNameTest
1333671,taxTest,speciesTest,coolNameTest
10265,taxTest,speciesTest,coolNameTest
538970,taxTest,speciesTest,coolNameTest
31530,taxTest,speciesTest,coolNameTest
265876,taxTest,speciesTest,coolNameTest
10273,taxTest,speciesTest,coolNameTest
10272,taxTest,speciesTest,coolNameTest
10274,taxTest,speciesTest,coolNameTest
10270,taxTest,speciesTest,coolNameTest
10280,taxTest,speciesTest,coolNameTest
10281,taxTest,speciesTest,coolNameTest
10279,taxTest,speciesTest,coolNameTest
2676272,taxTest,speciesTest,coolNameTest
10278,taxTest,speciesTest,coolNameTest
2340996,taxTest,speciesTest,coolNameTest
2067573,taxTest,speciesTest,coolNameTest
662863,taxTest,speciesTest,coolNameTest
662864,taxTest,speciesTest,coolNameTest
662865,taxTest,speciesTest,coolNameTest
1107944,taxTest,speciesTest,coolNameTest
573057,taxTest,speciesTest,coolNameTest
305674,taxTest,speciesTest,coolNameTest
305676,taxTest,speciesTest,coolNameTest
304399,taxTest,speciesTest,coolNameTest
573055,taxTest,speciesTest,coolNameTest
2083001,taxTest,speciesTest,coolNameTest
2048531,taxTest,speciesTest,coolNameTest
2048530,taxTest,speciesTest,coolNameTest
1289473,taxTest,speciesTest,coolNameTest
1285599,taxTest,speciesTest,coolNameTest
930275,taxTest,speciesTest,coolNameTest
67082,taxTest,speciesTest,coolNameTest
2733297,taxTest,speciesTest,coolNameTest
928314,taxTest,speciesTest,coolNameTest
132475,taxTest,speciesTest,coolNameTest
10282,taxTest,speciesTest,coolNameTest
2042482,taxTest,speciesTest,coolNameTest
1566307,taxTest,speciesTest,coolNameTest
2733295,taxTest,speciesTest,coolNameTest
1076255,taxTest,speciesTest,coolNameTest
2025359,taxTest,speciesTest,coolNameTest
2025360,taxTest,speciesTest,coolNameTest
2005509,taxTest,speciesTest,coolNameTest
2029293,taxTest,speciesTest,coolNameTest
368445,taxTest,speciesTest,coolNameTest
40070,taxTest,speciesTest,coolNameTest
10277,taxTest,speciesTest,coolNameTest
300880,taxTest,speciesTest,coolNameTest
10276,taxTest,speciesTest,coolNameTest
1329402,taxTest,speciesTest,coolNameTest
240426,taxTest,speciesTest,coolNameTest
1873698,taxTest,speciesTest,coolNameTest
1680908,taxTest,speciesTest,coolNameTest
1416741,taxTest,speciesTest,coolNameTest
10241,taxTest,speciesTest,coolNameTest
694313,taxTest,speciesTest,coolNameTest
10291,taxTest,speciesTest,coolNameTest
55551,taxTest,speciesTest,coolNameTest
2259792,taxTest,speciesTest,coolNameTest
124304,taxTest,speciesTest,coolNameTest
169398,taxTest,speciesTest,coolNameTest
1365471,taxTest,speciesTest,coolNameTest
257630,taxTest,speciesTest,coolNameTest
257631,taxTest,speciesTest,coolNameTest
39747,taxTest,speciesTest,coolNameTest
10288,taxTest,speciesTest,coolNameTest
10290,taxTest,speciesTest,coolNameTest
1311761,taxTest,speciesTest,coolNameTest
28321,taxTest,speciesTest,coolNameTest
28322,taxTest,speciesTest,coolNameTest
1293539,taxTest,speciesTest,coolNameTest
1293540,taxTest,speciesTest,coolNameTest
1293572,taxTest,speciesTest,coolNameTest
10286,taxTest,speciesTest,coolNameTest
62099,taxTest,speciesTest,coolNameTest
109981,taxTest,speciesTest,coolNameTest
2083191,taxTest,speciesTest,coolNameTest
10284,taxTest,speciesTest,coolNameTest
10283,taxTest,speciesTest,coolNameTest
1335484,taxTest,speciesTest,coolNameTest
2928837,taxTest,speciesTest,coolNameTest
2810136,taxTest,speciesTest,coolNameTest
1653087,taxTest,speciesTest,coolNameTest
2830718,taxTest,speciesTest,coolNameTest
1639109,taxTest,speciesTest,coolNameTest
2591803,taxTest,speciesTest,coolNameTest
1233983,taxTest,speciesTest,coolNameTest
2704521,taxTest,speciesTest,coolNameTest
2593995,taxTest,speciesTest,coolNameTest
1514708,taxTest,speciesTest,coolNameTest
2942216,taxTest,speciesTest,coolNameTest
2811215,taxTest,speciesTest,coolNameTest
2811222,taxTest,speciesTest,coolNameTest
2811223,taxTest,speciesTest,coolNameTest
693657,taxTest,speciesTest,coolNameTest
2203081,taxTest,speciesTest,coolNameTest
2793229,taxTest,speciesTest,coolNameTest
2926583,taxTest,speciesTest,coolNameTest
40069,taxTest,speciesTest,coolNameTest
1034803,taxTest,speciesTest,coolNameTest
10240,taxTest,speciesTest,coolNameTest
